Geo Point;Geo Shape;FID;NCESID;NAME;ADDRESS;ADDRESS2;CITY;STATE;ZIP;ZIP4;TELEPHONE;TYPE;STATUS;POPULATION;COUNTY;COUNTYFIPS;COUNTRY;NAICS_CODE;NAICS_DESC;SOURCE;SOURCE_DAT;VAL_METHOD;VAL_DATE;WEBSITE;LEVEL;ENROLLMENT;START GRAD;END GRADE;DISTRICT_I;FULL_TIME_;SHELTER_ID
43.145400037,-72.889854615;"{""type"": ""Point"", ""coordinates"": [-72.88985461499992, 43.145400037000044]}";18827;A9904344;MOUNTAIN SCHOOL AT WINHALL;9 SCHOOL ST;;BONDVILLE;VT;05340;;;1;1;75;BENNINGTON;50003;US;611110;Elementary and Secondary Schools;http://nces.ed.gov/GLOBALLOCATOR/sch_info_popup.asp?Type=Private&ID=A9904344;2009-10-12T20:00:00-04:00;Imagery/Other;2009-12-30T19:00:00-05:00;;Elementary;63;PK;08;;12;
43.998405,-72.209275;"{""type"": ""Point"", ""coordinates"": [-72.209275, 43.998405]}";19488;A0702331;CONNECTICUT RIVER ACADEMY;151 LOWER PLAIN;;BRADFORD;VT;05033;;;6;1;18;ORANGE;50017;US;611110;Elementary and Secondary Schools;http://nces.ed.gov/GLOBALLOCATOR/sch_info_popup.asp?Type=Private&ID=A0702331;2010-01-28T19:00:00-05:00;UnVerified;2010-08-23T20:00:00-04:00;;Combined elementary and secondary;12;UG;UG;;6;
44.511125,-73.058106;"{""type"": ""Point"", ""coordinates"": [-73.058106, 44.511125]}";22564;A0971689;GREEN MOUNTAIN MONTESSORI SCHOOL;8 JERICHO RD;;ESSEX JUNCTION;VT;05452;2707;;2;1;9;CHITTENDEN;50007;US;611110;Elementary and Secondary Schools;http://nces.ed.gov/GLOBALLOCATOR/sch_info_popup.asp?Type=Private&ID=A0971689;2012-03-06T19:00:00-05:00;Imagery;2012-06-17T20:00:00-04:00;;Elementary;5;PK;KG;;4;
44.935143289,-72.213576059;"{""type"": ""Point"", ""coordinates"": [-72.2135760589999, 44.93514328900004]}";19498;A9703445;UNITED CHRISTIAN ACADEMY;65 SCHOOL ST;;NEWPORT;VT;05855;5049;;1;1;106;ORLEANS;50019;US;611110;Elementary and Secondary Schools;http://nces.ed.gov/GLOBALLOCATOR/sch_info_popup.asp?Type=Private&ID=A9703445;2009-10-12T20:00:00-04:00;Imagery/Other;2009-12-30T19:00:00-05:00;;Combined elementary and secondary;91;KG;12;;15;
43.619097498,-72.983919216;"{""type"": ""Point"", ""coordinates"": [-72.98391921599993, 43.61909749800002]}";19517;A0109615;RUTLAND AREA CHRISTIAN SCHOOL;112 LINCOLN AVE;;RUTLAND;VT;05701;3260;;1;1;64;RUTLAND;50021;US;611110;Elementary and Secondary Schools;http://nces.ed.gov/GLOBALLOCATOR/sch_info_popup.asp?Type=Private&ID=A0109615;2009-10-12T20:00:00-04:00;Imagery/Other;2009-12-30T19:00:00-05:00;;Combined elementary and secondary;56;PK;12;;8;
44.020272556,-73.151576305;"{""type"": ""Point"", ""coordinates"": [-73.15157630499992, 44.020272556000066]}";18785;A9904324;AURORA SCHOOL;238 PETERSON TER;;MIDDLEBURY;VT;05753;8869;;1;1;35;ADDISON;50001;US;611110;Elementary and Secondary Schools;http://nces.ed.gov/GLOBALLOCATOR/sch_info_popup.asp?Type=Private&ID=A9904324;2010-01-28T19:00:00-05:00;Imagery;2010-08-23T20:00:00-04:00;;Elementary;29;KG;06;;6;
44.158105,-73.225712;"{""type"": ""Point"", ""coordinates"": [-73.225712, 44.158105]}";21581;A0303179;ARK PRESCHOOL/KINDERGARTEN;862 US ROUTE 7 S;;WALTHAM;VT;05491;;;7;1;3;ADDISON;50001;US;611110;Elementary and Secondary Schools;http://nces.ed.gov/GLOBALLOCATOR/sch_info_popup.asp?Type=Private&ID=A0303179;2012-03-06T19:00:00-05:00;Imagery;2012-06-17T20:00:00-04:00;;Elementary;2;PK;KG;;1;
42.8913053,-73.22686343;"{""type"": ""Point"", ""coordinates"": [-73.22686342999995, 42.89130530000004]}";18815;02063193;BENNINGTON SCHOOL;192 FAIRVIEW ST;;BENNINGTON;VT;05201;9531;;4;1;66;BENNINGTON;50003;US;611110;Elementary and Secondary Schools;http://nces.ed.gov/GLOBALLOCATOR/sch_info_popup.asp?Type=Private&ID=02063193;2009-10-12T20:00:00-04:00;Imagery/Other;2009-12-30T19:00:00-05:00;;Combined elementary and secondary;56;05;12;;10;
43.00128262,-72.539417347;"{""type"": ""Point"", ""coordinates"": [-72.53941734699997, 43.00128262000003]}";19557;01422575;THE GRAMMAR SCHOOL;69 HICKORY RIDGE RD S;;PUTNEY;VT;05346;8876;;1;1;121;WINDHAM;50025;US;611110;Elementary and Secondary Schools;http://nces.ed.gov/GLOBALLOCATOR/sch_info_popup.asp?Type=Private&ID=01422575;2010-01-28T19:00:00-05:00;Imagery;2010-08-23T20:00:00-04:00;;Elementary;107;PK;08;;14;
44.513263695,-71.994424152;"{""type"": ""Point"", ""coordinates"": [-71.99442415199995, 44.51326369500003]}";18830;02063127;THE RIVERSIDE SCHOOL;30 LILY POND RD;;LYNDONVILLE;VT;05851;;;1;1;69;CALEDONIA;50005;US;611110;Elementary and Secondary Schools;http://nces.ed.gov/GLOBALLOCATOR/sch_info_popup.asp?Type=Private&ID=02063127;2010-01-28T19:00:00-05:00;Geocode;2010-08-23T20:00:00-04:00;;Elementary;58;KG;08;;11;
44.467828398,-73.109622937;"{""type"": ""Point"", ""coordinates"": [-73.10962293699997, 44.46782839800004]}";19449;01422418;TRINITY BAPTIST SCHOOLS;280 TRINITY DR;;WILLISTON;VT;05495;;;1;1;82;CHITTENDEN;50007;US;611110;Elementary and Secondary Schools;http://nces.ed.gov/GLOBALLOCATOR/sch_info_popup.asp?Type=Private&ID=01422418;2009-10-12T20:00:00-04:00;Imagery/Other;2009-12-30T19:00:00-05:00;;Combined elementary and secondary;76;PK;12;;6;
44.707457987,-73.035506719;"{""type"": ""Point"", ""coordinates"": [-73.03550671899994, 44.70745798700003]}";19455;A0303180;AVALON TRIUMVIRATE ACADEMY;1841 MAIN ST;;FAIRFAX;VT;05454;;;6;1;18;FRANKLIN;50011;US;611110;Elementary and Secondary Schools;http://nces.ed.gov/GLOBALLOCATOR/sch_info_popup.asp?Type=Private&ID=A0303180;2010-01-28T19:00:00-05:00;Imagery;2010-08-23T20:00:00-04:00;;Combined elementary and secondary;16;05;12;;2;
44.46899581,-73.172802097;"{""type"": ""Point"", ""coordinates"": [-73.17280209699997, 44.46899581000007]}";26784;A9304133;INTERNATIONAL CHILDREN'S SCHOOL;1 EXECUTIVE ADDRESS;;SOUTH BURLINGTON;VT;05404;5758;;3;1;13;CHITTENDEN;50007;US;611110;Elementary and Secondary Schools;http://nces.ed.gov/GLOBALLOCATOR/sch_info_popup.asp?Type=Private&ID=A9304133;2014-10-22T20:00:00-04:00;Imagery/Other;2014-12-14T19:00:00-05:00;;Elementary;11;PK;03;;2;
44.157672145,-73.104186845;"{""type"": ""Point"", ""coordinates"": [-73.10418684499993, 44.157672145000035]}";18784;A9304011;THE RED CEDAR SCHOOL;246 HARDSCRABBLE RD;;BRISTOL;VT;05443;5000;;6;1;36;ADDISON;50001;US;611110;Elementary and Secondary Schools;http://nces.ed.gov/GLOBALLOCATOR/sch_info_popup.asp?Type=Private&ID=A9304011;2010-01-28T19:00:00-05:00;Imagery/Other;2010-08-23T20:00:00-04:00;;Elementary;33;KG;08;;3;
43.270706133,-73.099301699;"{""type"": ""Point"", ""coordinates"": [-73.09930169899995, 43.270706133000026]}";18807;A0303186;LONG TRAIL SCHOOL;1045 KIRBY HOLLOW RD;;DORSET;VT;05251;;;3;1;200;BENNINGTON;50003;US;611110;Elementary and Secondary Schools;http://nces.ed.gov/GLOBALLOCATOR/sch_info_popup.asp?Type=Private&ID=A0303186;2010-01-28T19:00:00-05:00;Imagery;2010-05-16T20:00:00-04:00;;Combined elementary and secondary;171;06;12;;29;
42.852542775,-72.575053664;"{""type"": ""Point"", ""coordinates"": [-72.57505366399992, 42.85254277500006]}";19560;02063364;NEIGHBORHOOD SCHOOLHOUSE;231 WESTERN AVE;;BRATTLEBORO;VT;05301;6150;;6;1;23;WINDHAM;50025;US;611110;Elementary and Secondary Schools;http://nces.ed.gov/GLOBALLOCATOR/sch_info_popup.asp?Type=Private&ID=02063364;2010-01-28T19:00:00-05:00;Imagery;2010-08-23T20:00:00-04:00;;Elementary;19;PK;06;;4;
43.94859,-72.551279;"{""type"": ""Point"", ""coordinates"": [-72.551279, 43.94859]}";19483;A0303182;EAST VALLEY ACADEMY;579 VT ROUTE 14 S;;EAST RANDOLPH;VT;05041;;;4;1;15;ORANGE;50017;US;611110;Elementary and Secondary Schools;http://nces.ed.gov/GLOBALLOCATOR/sch_info_popup.asp?Type=Private&ID=A0303182;2010-01-28T19:00:00-05:00;UnVerified;2010-08-23T20:00:00-04:00;;Secondary;10;07;12;;5;
44.43153,-72.012208;"{""type"": ""Point"", ""coordinates"": [-72.012208, 44.43153]}";19305;A9703439;CALEDONIA CHRISTIAN SCHOOL;54 SOUTHARD ST;;SAINT JOHNSBURY;VT;05819;1148;;1;1;11;CALEDONIA;50005;US;611110;Elementary and Secondary Schools;http://nces.ed.gov/GLOBALLOCATOR/sch_info_popup.asp?Type=Private&ID=A9703439;2009-10-12T20:00:00-04:00;Imagery/Other;2009-12-30T19:00:00-05:00;;Elementary;9;04;08;;2;
42.9867657,-72.55441303;"{""type"": ""Point"", ""coordinates"": [-72.55441302999996, 42.98676570000002]}";19549;01422316;THE PUTNEY SCHOOL;418 HOUGHTON BROOK RD;;PUTNEY;VT;05346;;;1;1;265;WINDHAM;50025;US;611110;Elementary and Secondary Schools;http://nces.ed.gov/GLOBALLOCATOR/sch_info_popup.asp?Type=Private&ID=01422316;2010-01-28T19:00:00-05:00;Imagery;2010-08-23T20:00:00-04:00;;Secondary;230;08;12;;35;
44.262898421,-72.402469533;"{""type"": ""Point"", ""coordinates"": [-72.40246953299997, 44.26289842100002]}";19538;A9304136;MAPLEHILL SCHOOL;1350 EAST HILL ROAD;;PLAINFIELD;VT;05667;;;4;1;21;WASHINGTON;50023;US;611110;Elementary and Secondary Schools;http://nces.ed.gov/GLOBALLOCATOR/sch_info_popup.asp?Type=Private&ID=A9304136;2010-01-28T19:00:00-05:00;Imagery;2010-08-23T20:00:00-04:00;;Secondary;14;07;12;;7;
44.562444897,-72.593887588;"{""type"": ""Point"", ""coordinates"": [-72.59388758799996, 44.56244489700001]}";19469;A0503527;AUGMENTATIVE LEARNING/MOVEMENT CENTER;72 ETHAN ALLEN DR;;SOUTH BURLINGTON;VT;05403;5621;;4;1;17;CHITTENDEN;50007;US;611110;Elementary and Secondary Schools;http://nces.ed.gov/GLOBALLOCATOR/sch_info_popup.asp?Type=Private&ID=A0503527;2010-01-28T19:00:00-05:00;Imagery;2010-08-23T20:00:00-04:00;;Combined elementary and secondary;14;02;12;;3;
43.19056544,-73.04340139;"{""type"": ""Point"", ""coordinates"": [-73.04340138999997, 43.19056544000004]}";18805;A0109597;MANCHESTER VILLAGE SCHOOL;4002 MAIN ST;;MANCHESTER;VT;05254;;;4;1;10;BENNINGTON;50003;US;611110;Elementary and Secondary Schools;http://nces.ed.gov/GLOBALLOCATOR/sch_info_popup.asp?Type=Private&ID=A0109597;2010-01-28T19:00:00-05:00;Imagery;2010-05-16T20:00:00-04:00;;Secondary;7;08;12;;3;
44.036575134,-73.163416344;"{""type"": ""Point"", ""coordinates"": [-73.16341634399997, 44.03657513400002]}";18790;02063069;BRIDGE SCHOOL;1469 EXCHANGE ST;;MIDDLEBURY;VT;05753;;;1;1;51;ADDISON;50001;US;611110;Elementary and Secondary Schools;http://nces.ed.gov/GLOBALLOCATOR/sch_info_popup.asp?Type=Private&ID=02063069;2009-10-12T20:00:00-04:00;Imagery/Other;2009-12-30T19:00:00-05:00;;Combined elementary and secondary;46;UG;UG;;5;
43.987635993,-72.446083068;"{""type"": ""Point"", ""coordinates"": [-72.44608306799992, 43.98763599300001]}";19493;A9504243;WELLSPRING SCHOOL;3 COURT ST;;CHELSEA;VT;05038;;;3;1;81;ORANGE;50017;US;611110;Elementary and Secondary Schools;http://nces.ed.gov/GLOBALLOCATOR/sch_info_popup.asp?Type=Private&ID=A9504243;2010-01-28T19:00:00-05:00;Imagery/Other;2010-08-23T20:00:00-04:00;;Elementary;73;PK;08;;8;
43.939960608,-72.60608813;"{""type"": ""Point"", ""coordinates"": [-72.60608812999997, 43.93996060800003]}";22556;A0903667;VT ACADEMY OF SCIENCE & TECH;1 MAIN ST;;RANDOLPH CENTER;VT;05061;;;3;1;48;ORANGE;50017;US;611110;Elementary and Secondary Schools;http://nces.ed.gov/GLOBALLOCATOR/sch_info_popup.asp?Type=Private&ID=A0903667;2012-03-06T19:00:00-05:00;Geocode;2012-06-17T20:00:00-04:00;;Secondary;41;12;12;;7;
44.40715748,-73.126097298;"{""type"": ""Point"", ""coordinates"": [-73.12609729799992, 44.40715748000007]}";19359;AA001641;BROWNELL MOUNTAIN SCHOOL;5330 ST GEORGE RD;;WILLISTON;VT;05495;7667;;1;1;8;CHITTENDEN;50007;US;611110;Elementary and Secondary Schools;http://nces.ed.gov/GLOBALLOCATOR/sch_info_popup.asp?Type=Private&ID=AA001641;2010-01-28T19:00:00-05:00;Imagery;2010-08-23T20:00:00-04:00;;Elementary;7;04;08;;1;
43.695023769,-72.320419401;"{""type"": ""Point"", ""coordinates"": [-72.32041940099997, 43.69502376900003]}";19592;A0503530;WILLOW SCHOOL;2830 CHRISTIAN ST;;WHITE RIVER JUNCTION;VT;05001;;;3;1;20;WINDSOR;50027;US;611110;Elementary and Secondary Schools;http://nces.ed.gov/GLOBALLOCATOR/sch_info_popup.asp?Type=Private&ID=A0503530;2010-01-28T19:00:00-05:00;Geocode;2010-06-09T20:00:00-04:00;;Elementary;18;KG;04;;2;
44.896187,-73.085877;"{""type"": ""Point"", ""coordinates"": [-73.085877, 44.896187]}";21052;A0903664;MUNCHKINLAND MONTESSORI;38 WOODS HILL RD;;SWANTON;VT;05488;9450;;2;1;8;FRANKLIN;50011;US;611110;Elementary and Secondary Schools;http://nces.ed.gov/GLOBALLOCATOR/sch_info_popup.asp?Type=Private&ID=A0903664;2012-03-06T19:00:00-05:00;Imagery;2012-06-17T20:00:00-04:00;;Elementary;6;PK;01;;2;
42.853666129,-72.563290481;"{""type"": ""Point"", ""coordinates"": [-72.56329048099994, 42.85366612900001]}";19569;A0303183;COMMUNITY SCHOOLHOUSE;24 OAK ST;;BRATTLEBORO;VT;05301;6084;;4;1;25;WINDHAM;50025;US;611110;Elementary and Secondary Schools;http://nces.ed.gov/GLOBALLOCATOR/sch_info_popup.asp?Type=Private&ID=A0303183;2010-01-28T19:00:00-05:00;Imagery;2010-08-23T20:00:00-04:00;;Combined elementary and secondary;21;UG;UG;;4;
44.496624616,-73.18856892;"{""type"": ""Point"", ""coordinates"": [-73.18856891999995, 44.49662461600006]}";19434;01421913;ST FRANCIS XAVIER SCHOOL;5 SAINT PETER ST;;WINOOSKI;VT;05404;1316;;1;1;220;CHITTENDEN;50007;US;611110;Elementary and Secondary Schools;http://nces.ed.gov/GLOBALLOCATOR/sch_info_popup.asp?Type=Private&ID=01421913;2009-10-12T20:00:00-04:00;Imagery/Other;2009-12-30T19:00:00-05:00;;Elementary;199;PK;08;;21;
44.53845523,-72.015449155;"{""type"": ""Point"", ""coordinates"": [-72.01544915499993, 44.538455230000054]}";19317;01422291;LYNDON INSTITUTE;COLLEGE RD & INSTITUTE CIR;;LYNDON CENTER;VT;05850;;;1;1;639;CALEDONIA;50005;US;611110;Elementary and Secondary Schools;http://nces.ed.gov/GLOBALLOCATOR/sch_info_popup.asp?Type=Private&ID=01422291;2009-10-12T20:00:00-04:00;Imagery/Other;2009-12-30T19:00:00-05:00;;Secondary;589;08;12;;50;
44.450308614,-73.119166967;"{""type"": ""Point"", ""coordinates"": [-73.11916696699994, 44.450308614000036]}";19348;A0109602;JEAN GARVIN SCHOOL;90 HARVEST LN;;WILLISTON;VT;05495;8928;;4;1;26;CHITTENDEN;50007;US;611110;Elementary and Secondary Schools;http://nces.ed.gov/GLOBALLOCATOR/sch_info_popup.asp?Type=Private&ID=A0109602;2010-01-28T19:00:00-05:00;Imagery;2010-08-23T20:00:00-04:00;;Secondary;22;08;11;;4;
44.463774639,-73.209374119;"{""type"": ""Point"", ""coordinates"": [-73.20937411899995, 44.46377463900004]}";19416;01422032;CHRIST THE KING SCHOOL;136 LOCUST ST;;BURLINGTON;VT;05401;;;1;1;215;CHITTENDEN;50007;US;611110;Elementary and Secondary Schools;http://nces.ed.gov/GLOBALLOCATOR/sch_info_popup.asp?Type=Private&ID=01422032;2009-10-12T20:00:00-04:00;Imagery/Other;2009-12-30T19:00:00-05:00;;Elementary;201;PK;08;;14;
44.447148298,-73.213789211;"{""type"": ""Point"", ""coordinates"": [-73.21378921099993, 44.44714829800004]}";19374;A0702325;THE BAIRD SCHOOL;1138 PINE ST;;BURLINGTON;VT;05401;5353;;4;1;48;CHITTENDEN;50007;US;611110;Elementary and Secondary Schools;http://nces.ed.gov/GLOBALLOCATOR/sch_info_popup.asp?Type=Private&ID=A0702325;2010-01-28T19:00:00-05:00;Imagery;2010-08-23T20:00:00-04:00;;Elementary;36;01;08;;12;
44.222708918,-72.538318591;"{""type"": ""Point"", ""coordinates"": [-72.53831859099994, 44.222708918000066]}";19544;01422655;CENTRAL VERMONT ACADEMY;317 VINE ST - BERLIN;;BARRE;VT;05641;2292;;1;1;44;WASHINGTON;50023;US;611110;Elementary and Secondary Schools;http://nces.ed.gov/GLOBALLOCATOR/sch_info_popup.asp?Type=Private&ID=01422655;2009-10-12T20:00:00-04:00;Imagery/Other;2009-12-30T19:00:00-05:00;;Combined elementary and secondary;38;KG;12;;6;
43.134939471,-72.510673378;"{""type"": ""Point"", ""coordinates"": [-72.51067337799996, 43.134939471000045]}";26791;A9300996;SAXTONS RIVER MONTESSORI SCHOOL;14 WESTMINSTER ST;;SAXTONS RIVER;VT;05154;;;2;1;6;WINDHAM;50025;US;611110;Elementary and Secondary Schools;http://nces.ed.gov/GLOBALLOCATOR/sch_info_popup.asp?Type=Private&ID=A9300996;2014-10-22T20:00:00-04:00;Imagery/Other;2014-12-14T19:00:00-05:00;;Elementary;4;PK;TK;;2;
42.882337703,-73.194128196;"{""type"": ""Point"", ""coordinates"": [-73.19412819599994, 42.88233770300006]}";18796;01422054;THE SCHOOL OF SACRED HEART ST FRANCIS DE SALES;307 SCHOOL ST;;BENNINGTON;VT;05201;2558;;1;1;146;BENNINGTON;50003;US;611110;Elementary and Secondary Schools;http://nces.ed.gov/GLOBALLOCATOR/sch_info_popup.asp?Type=Private&ID=01422054;2010-01-28T19:00:00-05:00;Imagery;2010-05-16T20:00:00-04:00;;Elementary;134;PK;08;;12;
44.382634923,-73.241362645;"{""type"": ""Point"", ""coordinates"": [-73.24136264499997, 44.38263492300005]}";19352;A9504239;RENAISSANCE SCHOOL;SHELBURNE FARMS;;SHELBURNE;VT;05482;7697;;1;1;70;CHITTENDEN;50007;US;611110;Elementary and Secondary Schools;http://nces.ed.gov/GLOBALLOCATOR/sch_info_popup.asp?Type=Private&ID=A9504239;2010-01-28T19:00:00-05:00;Imagery;2010-08-23T20:00:00-04:00;;Elementary;61;KG;06;;9;
44.420600291,-72.005037631;"{""type"": ""Point"", ""coordinates"": [-72.00503763099992, 44.420600291000014]}";18836;A0702332;CORNERSTONE SCHOOL;510 PORTLAND ST;;SAINT JOHNSBURY;VT;05819;2055;;4;1;29;CALEDONIA;50005;US;611110;Elementary and Secondary Schools;http://nces.ed.gov/GLOBALLOCATOR/sch_info_popup.asp?Type=Private&ID=A0702332;2010-01-28T19:00:00-05:00;Imagery/Other;2010-08-23T20:00:00-04:00;;Combined elementary and secondary;24;02;11;;5;
42.931342502,-73.245786097;"{""type"": ""Point"", ""coordinates"": [-73.24578609699994, 42.93134250200006]}";18816;A9106775;SOUTHSHIRE COMMUNITY SCHOOL;24 BANK ST;;NORTH BENNINGTON;VT;05257;;;6;1;40;BENNINGTON;50003;US;611110;Elementary and Secondary Schools;http://nces.ed.gov/GLOBALLOCATOR/sch_info_popup.asp?Type=Private&ID=A9106775;2009-10-12T20:00:00-04:00;Imagery;2010-05-16T20:00:00-04:00;;Combined elementary and secondary;37;UG;UG;;3;
44.261457239,-72.559958893;"{""type"": ""Point"", ""coordinates"": [-72.55995889299997, 44.26145723900003]}";21061;A0903665;RIVER ROCK SCHOOL;46 BARRE ST;;MONTPELIER;VT;05602;;;6;1;42;WASHINGTON;50023;US;611110;Elementary and Secondary Schools;http://nces.ed.gov/GLOBALLOCATOR/sch_info_popup.asp?Type=Private&ID=A0903665;2012-03-06T19:00:00-05:00;Imagery;2012-06-17T20:00:00-04:00;;Combined elementary and secondary;39;UG;UG;;3;
43.143133411,-72.5093601;"{""type"": ""Point"", ""coordinates"": [-72.50936009999997, 43.14313341100005]}";19575;01422258;VERMONT ACADEMY;10 LONG WALK;;SAXTONS RIVER;VT;05154;4500;;1;1;258;WINDHAM;50025;US;611110;Elementary and Secondary Schools;http://nces.ed.gov/GLOBALLOCATOR/sch_info_popup.asp?Type=Private&ID=01422258;2009-10-12T20:00:00-04:00;Imagery/Other;2009-12-30T19:00:00-05:00;;Secondary;223;08;12;;35;
44.420377145,-72.01769123;"{""type"": ""Point"", ""coordinates"": [-72.01769122999995, 44.42037714500001]}";19322;A9904337;GOOD SHEPHERD CATHOLIC SCHOOL;121 MAPLE ST;;SAINT JOHNSBURY;VT;05819;;;1;1;164;CALEDONIA;50005;US;611110;Elementary and Secondary Schools;http://nces.ed.gov/GLOBALLOCATOR/sch_info_popup.asp?Type=Private&ID=A9904337;2009-10-12T20:00:00-04:00;Imagery/Other;2010-12-27T19:00:00-05:00;;Elementary;151;PK;08;;13;10775709
43.643758995,-72.427702221;"{""type"": ""Point"", ""coordinates"": [-72.42770222099993, 43.64375899500003]}";19589;A9300994;MID VERMONT CHRISTIAN SCHOOL;399 W GILSON AVE;;WHITE RIVER JUNCTION;VT;05001;9527;;1;1;114;WINDSOR;50027;US;611110;Elementary and Secondary Schools;http://nces.ed.gov/GLOBALLOCATOR/sch_info_popup.asp?Type=Private&ID=A9300994;2010-01-28T19:00:00-05:00;Imagery;2010-06-09T20:00:00-04:00;;Combined elementary and secondary;99;PK;12;;15;
44.55932392,-72.61170234;"{""type"": ""Point"", ""coordinates"": [-72.61170233999995, 44.55932392000005]}";19459;A0109579;BISHOP JOHN A MARSHALL SCHOOL;680 LAPORTE RD;;MORRISVILLE;VT;05661;;;1;1;125;LAMOILLE;50015;US;611110;Elementary and Secondary Schools;http://nces.ed.gov/GLOBALLOCATOR/sch_info_popup.asp?Type=Private&ID=A0109579;2010-01-28T19:00:00-05:00;Imagery;2010-08-23T20:00:00-04:00;;Elementary;112;PK;08;;13;
43.516847772,-73.238964174;"{""type"": ""Point"", ""coordinates"": [-73.23896417399997, 43.51684777200005]}";26788;A1102262;LIHIGH SCHOOL;307 MAIN ST;;POULTNEY;VT;05764;;;6;1;15;RUTLAND;50021;US;611110;Elementary and Secondary Schools;http://nces.ed.gov/GLOBALLOCATOR/sch_info_popup.asp?Type=Private&ID=A1102262;2014-10-22T20:00:00-04:00;Imagery/Other;2014-12-14T19:00:00-05:00;;Secondary;9;08;12;;6;
44.569920146,-72.505063844;"{""type"": ""Point"", ""coordinates"": [-72.50506384399993, 44.56992014600006]}";26794;A1102270;WOLCOTT MENNONITE SCHOOL;1337 VT ROUTE 15;;MORRISVILLE;VT;05680;;;1;1;28;LAMOILLE;50015;US;611110;Elementary and Secondary Schools;http://nces.ed.gov/GLOBALLOCATOR/sch_info_popup.asp?Type=Private&ID=A1102270;2014-10-22T20:00:00-04:00;Imagery/Other;2014-12-14T19:00:00-05:00;;Combined elementary and secondary;25;01;10;;3;
43.12180247,-72.436156676;"{""type"": ""Point"", ""coordinates"": [-72.43615667599992, 43.12180247000002]}";19566;A0109624;COMPASS SCHOOL;7892 W ROUTE 5;;WESTMINSTER STATION;VT;05159;9755;;1;1;89;WINDHAM;50025;US;611110;Elementary and Secondary Schools;http://nces.ed.gov/GLOBALLOCATOR/sch_info_popup.asp?Type=Private&ID=A0109624;2010-01-28T19:00:00-05:00;Imagery/Other;2010-08-23T20:00:00-04:00;;Secondary;79;07;12;;10;
42.856858955,-72.561902846;"{""type"": ""Point"", ""coordinates"": [-72.56190284599994, 42.85685895500005]}";19581;01422542;MEADOWS SCHOOL;1 ANNA MARSH LN;;BRATTLEBORO;VT;05301;;;4;1;43;WINDHAM;50025;US;611110;Elementary and Secondary Schools;http://nces.ed.gov/GLOBALLOCATOR/sch_info_popup.asp?Type=Private&ID=01422542;2009-10-12T20:00:00-04:00;Imagery/Other;2009-12-30T19:00:00-05:00;;Combined elementary and secondary;34;KG;11;;9;
43.612772483,-72.974204156;"{""type"": ""Point"", ""coordinates"": [-72.97420415599997, 43.61277248300006]}";19509;A0303184;EASTER SEALS OF VERMONT;11 BURNHAM AVE;;RUTLAND;VT;05701;3205;;4;1;5;RUTLAND;50021;US;611110;Elementary and Secondary Schools;http://nces.ed.gov/GLOBALLOCATOR/sch_info_popup.asp?Type=Private&ID=A0303184;2010-01-28T19:00:00-05:00;Geocode;2010-08-23T20:00:00-04:00;;Secondary;3;10;11;;2;
44.499589682,-72.321704962;"{""type"": ""Point"", ""coordinates"": [-72.32170496199994, 44.49958968200006]}";18837;A0702338;THE FATHER'S DESIGN SCHOOL;104 VT RTE 16;;EAST HARDWICK;VT;05836;4407;;1;1;43;CALEDONIA;50005;US;611110;Elementary and Secondary Schools;http://nces.ed.gov/GLOBALLOCATOR/sch_info_popup.asp?Type=Private&ID=A0702338;2010-01-28T19:00:00-05:00;Imagery;2010-08-23T20:00:00-04:00;;Combined elementary and secondary;38;02;08;;5;
42.848471357,-72.585999603;"{""type"": ""Point"", ""coordinates"": [-72.58599960299993, 42.84847135700004]}";19584;A9106748;AUSTINE SCHOOL FOR THE DEAF;60 AUSTINE DR;;BRATTLEBORO;VT;05301;2694;;4;1;27;WINDHAM;50025;US;611110;Elementary and Secondary Schools;http://nces.ed.gov/GLOBALLOCATOR/sch_info_popup.asp?Type=Private&ID=A9106748;2009-10-12T20:00:00-04:00;Imagery/Other;2009-12-30T19:00:00-05:00;;Combined elementary and secondary;20;02;12;;7;
44.452612692,-73.200442089;"{""type"": ""Point"", ""coordinates"": [-73.20044208899996, 44.45261269200004]}";19424;A9703436;RICE MEMORIAL HIGH SCHOOL;99 PROCTOR AVE;;SOUTH BURLINGTON;VT;05403;6194;;1;1;399;CHITTENDEN;50007;US;611110;Elementary and Secondary Schools;http://nces.ed.gov/GLOBALLOCATOR/sch_info_popup.asp?Type=Private&ID=A9703436;2009-10-12T20:00:00-04:00;Imagery/Other;2009-12-30T19:00:00-05:00;;Secondary;371;08;12;;28;
43.105859956,-72.887816283;"{""type"": ""Point"", ""coordinates"": [-72.88781628299994, 43.10585995600007]}";19553;01422451;STRATTON MOUNTAIN SCHOOL;WORLD CUP CIR;;STRATTON MOUNTAIN;VT;05155;;;3;1;138;WINDHAM;50025;US;611110;Elementary and Secondary Schools;http://nces.ed.gov/GLOBALLOCATOR/sch_info_popup.asp?Type=Private&ID=01422451;2010-01-28T19:00:00-05:00;Imagery;2010-08-23T20:00:00-04:00;;Secondary;122;07;12;;16;
44.011868461,-73.174728345;"{""type"": ""Point"", ""coordinates"": [-73.17472834499993, 44.011868461000056]}";18775;A0109620;ST MARY'S SCHOOL;86 SHANNON ST;;MIDDLEBURY;VT;05753;1333;;1;1;72;ADDISON;50001;US;611110;Elementary and Secondary Schools;http://nces.ed.gov/GLOBALLOCATOR/sch_info_popup.asp?Type=Private&ID=A0109620;2010-01-28T19:00:00-05:00;Imagery;2010-08-23T20:00:00-04:00;;Elementary;60;PK;06;;12;
43.59765407,-72.972339857;"{""type"": ""Point"", ""coordinates"": [-72.97233985699994, 43.59765407000002]}";19522;02063284;SHELDON ACADEMY OF VERMONT ACHIEVEMENT CENTER;88 PARK ST;;RUTLAND;VT;05701;4710;;4;1;24;RUTLAND;50021;US;611110;Elementary and Secondary Schools;http://nces.ed.gov/GLOBALLOCATOR/sch_info_popup.asp?Type=Private&ID=02063284;2009-10-12T20:00:00-04:00;Imagery/Other;2009-12-30T19:00:00-05:00;;Combined elementary and secondary;18;03;12;;6;
44.427083596,-72.010831197;"{""type"": ""Point"", ""coordinates"": [-72.01083119699994, 44.42708359600003]}";18838;A0303192;THE CALEDONIA SCHOOL;125 SCHOOL ST;;SAINT JOHNSBURY;VT;05819;1431;;1;1;35;CALEDONIA;50005;US;611110;Elementary and Secondary Schools;http://nces.ed.gov/GLOBALLOCATOR/sch_info_popup.asp?Type=Private&ID=A0303192;2010-01-28T19:00:00-05:00;Imagery;2010-08-23T20:00:00-04:00;;Secondary;30;08;12;;5;
44.006522542,-73.16334496;"{""type"": ""Point"", ""coordinates"": [-73.16334495999993, 44.006522542]}";18793;K9306222;MARY JOHNSON CHILDREN'S CENTER;81 WATER ST;;MIDDLEBURY;VT;05753;1494;;7;1;19;ADDISON;50001;US;611110;Elementary and Secondary Schools;http://nces.ed.gov/GLOBALLOCATOR/sch_info_popup.asp?Type=Private&ID=K9306222;2009-10-12T20:00:00-04:00;Imagery/Other;2009-12-30T19:00:00-05:00;;Elementary;17;PK;KG;;2;
42.843044,-72.575215;"{""type"": ""Point"", ""coordinates"": [-72.575215, 42.843044]}";22571;A0903668;WILLIAM CENTER AT AUSTINE;60 AUSTINE DR;;BRATTLEBORO;VT;05301;;;4;1;17;WINDHAM;50025;US;611110;Elementary and Secondary Schools;http://nces.ed.gov/GLOBALLOCATOR/sch_info_popup.asp?Type=Private&ID=A0903668;2012-03-06T19:00:00-05:00;Imagery;2012-06-17T20:00:00-04:00;;Secondary;14;07;12;;3;
44.011157189,-73.165526509;"{""type"": ""Point"", ""coordinates"": [-73.16552650899995, 44.01115718900005]}";18776;A9106760;THE GAILER SCHOOL;54 CREEK RD;;MIDDLEBURY;VT;05753;8834;;1;1;16;ADDISON;50001;US;611110;Elementary and Secondary Schools;http://nces.ed.gov/GLOBALLOCATOR/sch_info_popup.asp?Type=Private&ID=A9106760;2010-01-28T19:00:00-05:00;Imagery;2010-08-23T20:00:00-04:00;;Secondary;13;08;12;;3;
44.490254013,-72.732959643;"{""type"": ""Point"", ""coordinates"": [-72.73295964299993, 44.49025401300001]}";19466;A0303188;NORTH AMERICAN HOCKEY ACADEMY;3866 ROUTE 242;;JAY;VT;05859;4800;;3;1;58;ORLEANS;50019;US;611110;Elementary and Secondary Schools;http://nces.ed.gov/GLOBALLOCATOR/sch_info_popup.asp?Type=Private&ID=A0303188;2010-01-28T19:00:00-05:00;Imagery;2010-08-23T20:00:00-04:00;;Secondary;40;08;12;;18;
42.967960232,-72.894328392;"{""type"": ""Point"", ""coordinates"": [-72.89432839199996, 42.96796023200003]}";19563;A0503525;MOUNT SNOW ACADEMY;25 MOUNT SNOW RD;;WEST DOVER;VT;05356;;;3;1;58;WINDHAM;50025;US;611110;Elementary and Secondary Schools;http://nces.ed.gov/GLOBALLOCATOR/sch_info_popup.asp?Type=Private&ID=A0503525;2010-01-28T19:00:00-05:00;Imagery/Other;2010-08-23T20:00:00-04:00;;Combined elementary and secondary;30;05;12;;28;
43.785640056,-72.453702723;"{""type"": ""Point"", ""coordinates"": [-72.45370272299992, 43.78564005600003]}";26792;A9703437;SHARON ACADEMY;79 ROUTE 132 AND 6704 VT ROUTE 14;;SHARON;VT;05065;;;1;1;186;WINDSOR;50027;US;611110;Elementary and Secondary Schools;http://nces.ed.gov/GLOBALLOCATOR/sch_info_popup.asp?Type=Private&ID=A9703437;2014-10-22T20:00:00-04:00;Imagery/Other;2014-12-14T19:00:00-05:00;;Secondary;169;07;12;;17;10819788
42.987918262,-72.553902797;"{""type"": ""Point"", ""coordinates"": [-72.55390279699996, 42.98791826200003]}";19578;01635958;THE GREENWOOD SCHOOL;14 GREENWOOD LN;;PUTNEY;VT;05346;8965;;4;1;52;WINDHAM;50025;US;611110;Elementary and Secondary Schools;http://nces.ed.gov/GLOBALLOCATOR/sch_info_popup.asp?Type=Private&ID=01635958;2009-10-12T20:00:00-04:00;Imagery/Other;2009-12-30T19:00:00-05:00;;Combined elementary and secondary;36;06;10;;16;
44.592819039,-71.905944959;"{""type"": ""Point"", ""coordinates"": [-71.90594495899994, 44.59281903900005]}";18833;01422156;BURKE MOUNTAIN ACADEMY;60 ALPINE LN;;EAST BURKE;VT;05832;6601;;3;1;58;CALEDONIA;50005;US;611110;Elementary and Secondary Schools;http://nces.ed.gov/GLOBALLOCATOR/sch_info_popup.asp?Type=Private&ID=01422156;2010-01-28T19:00:00-05:00;Imagery/Other;2010-08-23T20:00:00-04:00;;Secondary;50;08;12;;8;
44.241214093,-72.536834196;"{""type"": ""Point"", ""coordinates"": [-72.53683419599996, 44.24121409300004]}";21609;A0971700;MONTPELIER MONTESSORI SCHOOL;89 KARL CIR UNIT 3;;BERLIN;VT;05602;9513;;2;1;19;WASHINGTON;50023;US;611110;Elementary and Secondary Schools;http://nces.ed.gov/GLOBALLOCATOR/sch_info_popup.asp?Type=Private&ID=A0971700;2012-03-06T19:00:00-05:00;Imagery;2012-06-17T20:00:00-04:00;;Elementary;17;PK;03;;2;
44.340845,-72.175516;"{""type"": ""Point"", ""coordinates"": [-72.175516, 44.340845]}";18834;A0109621;THADDEUS STEVENS SCHOOL;100 KING ST;;LYNDON CENTER;VT;05850;;;1;1;45;CALEDONIA;50005;US;611110;Elementary and Secondary Schools;http://nces.ed.gov/GLOBALLOCATOR/sch_info_popup.asp?Type=Private&ID=A0109621;2010-01-28T19:00:00-05:00;Geocode;2010-08-23T20:00:00-04:00;;Elementary;40;03;08;;5;
43.818253109,-72.228972745;"{""type"": ""Point"", ""coordinates"": [-72.22897274499995, 43.818253109000054]}";19478;A9304009;OPEN FIELDS SCHOOL;37 ACADEMY RD;;THETFORD HILL;VT;05074;;;6;1;16;ORANGE;50017;US;611110;Elementary and Secondary Schools;http://nces.ed.gov/GLOBALLOCATOR/sch_info_popup.asp?Type=Private&ID=A9304009;2010-01-28T19:00:00-05:00;Imagery;2010-08-23T20:00:00-04:00;;Elementary;14;KG;06;;2;
43.065492904,-72.474930319;"{""type"": ""Point"", ""coordinates"": [-72.47493031899994, 43.06549290400004]}";19572;A9703430;KURN HATTIN HOMES;128 MAYO RD;;WESTMINSTER;VT;05158;;;6;1;107;WINDHAM;50025;US;611110;Elementary and Secondary Schools;http://nces.ed.gov/GLOBALLOCATOR/sch_info_popup.asp?Type=Private&ID=A9703430;2010-01-28T19:00:00-05:00;Imagery;2010-08-23T20:00:00-04:00;;Elementary;96;01;08;;11;
44.544872092,-72.04237618;"{""type"": ""Point"", ""coordinates"": [-72.04237617999993, 44.54487209200004]}";18840;A9106755;CORNERSTONE CHRISTIAN SCHOOL;42 CORNERSTONE LN;;LYNDONVILLE;VT;05851;;;6;1;15;CALEDONIA;50005;US;611110;Elementary and Secondary Schools;http://nces.ed.gov/GLOBALLOCATOR/sch_info_popup.asp?Type=Private&ID=A9106755;2010-01-28T19:00:00-05:00;Imagery;2010-08-23T20:00:00-04:00;;Secondary;12;07;12;;3;
43.646849,-72.418561;"{""type"": ""Point"", ""coordinates"": [-72.418561, 43.646849]}";26793;A9304016;UPPER VALLEY WALDORF SCHOOL;80 BLUFF RD;;QUECHEE;VT;05059;;;3;1;148;WINDSOR;50027;US;611110;Elementary and Secondary Schools;http://nces.ed.gov/GLOBALLOCATOR/sch_info_popup.asp?Type=Private&ID=A9304016;2014-10-22T20:00:00-04:00;Imagery/Other;2014-12-14T19:00:00-05:00;;Elementary;129;PK;07;;19;
43.813929,-72.229866;"{""type"": ""Point"", ""coordinates"": [-72.229866, 43.813929]}";19475;01422134;THETFORD ACADEMY;304 ACADEMY RD;;THETFORD;VT;05074;;;1;1;329;ORANGE;50017;US;611110;Elementary and Secondary Schools;http://nces.ed.gov/GLOBALLOCATOR/sch_info_popup.asp?Type=Private&ID=01422134;2009-10-12T20:00:00-04:00;Imagery/Other;2009-12-30T19:00:00-05:00;;Secondary;299;07;12;;30;
43.986113275,-73.03732369;"{""type"": ""Point"", ""coordinates"": [-73.03732368999992, 43.98611327500002]}";18779;A0303195;THE NORTH BRANCH SCHOOL;898 LINCOLN RD;;RIPTON;VT;05766;;;6;1;30;ADDISON;50001;US;611110;Elementary and Secondary Schools;http://nces.ed.gov/GLOBALLOCATOR/sch_info_popup.asp?Type=Private&ID=A0303195;2010-01-28T19:00:00-05:00;Geocode;2010-08-23T20:00:00-04:00;;Secondary;27;07;08;;3;
42.895320116,-73.198382078;"{""type"": ""Point"", ""coordinates"": [-73.19838207799994, 42.895320116000036]}";18821;A9703426;GRACE CHRISTIAN SCHOOL;104 KOCHER DR;;BENNINGTON;VT;05201;1946;;1;1;160;BENNINGTON;50003;US;611110;Elementary and Secondary Schools;http://nces.ed.gov/GLOBALLOCATOR/sch_info_popup.asp?Type=Private&ID=A9703426;2009-10-12T20:00:00-04:00;Imagery;2010-05-16T20:00:00-04:00;;Combined elementary and secondary;143;PK;12;;17;
43.397575612,-72.68978087;"{""type"": ""Point"", ""coordinates"": [-72.68978086999992, 43.397575612]}";26790;A0109612;OKEMO MOUNTAIN SCHOOL;53 MAIN ST;;LUDLOW;VT;05149;;;3;1;40;WINDSOR;50027;US;611110;Elementary and Secondary Schools;http://nces.ed.gov/GLOBALLOCATOR/sch_info_popup.asp?Type=Private&ID=A0109612;2014-10-22T20:00:00-04:00;Imagery/Other;2014-12-14T19:00:00-05:00;;Secondary;34;07;12;;6;
43.603163518,-72.98448142;"{""type"": ""Point"", ""coordinates"": [-72.98448141999994, 43.603163518]}";19520;01421924;MOUNT ST JOSEPH ACADEMY;127 CONVENT AVE;;RUTLAND;VT;05701;3998;;1;1;110;RUTLAND;50021;US;611110;Elementary and Secondary Schools;http://nces.ed.gov/GLOBALLOCATOR/sch_info_popup.asp?Type=Private&ID=01421924;2009-10-12T20:00:00-04:00;Imagery/Other;2009-12-30T19:00:00-05:00;;Secondary;95;08;12;;15;
43.954388404,-72.336040695;"{""type"": ""Point"", ""coordinates"": [-72.33604069499994, 43.95438840400002]}";26789;A0702336;MOUNTAIN SCHOOL PROGRAM OF MILTON ACADEMY;151 MOUNTAIN SCHOOL RD;;VERSHIRE;VT;05079;9655;;6;1;58;ORANGE;50017;US;611110;Elementary and Secondary Schools;http://nces.ed.gov/GLOBALLOCATOR/sch_info_popup.asp?Type=Private&ID=A0702336;2014-10-22T20:00:00-04:00;Imagery/Other;2014-12-14T19:00:00-05:00;;Secondary;45;11;11;;13;
44.153175822,-72.474169647;"{""type"": ""Point"", ""coordinates"": [-72.47416964699993, 44.15317582200002]}";23115;02063331;WEBSTERVILLE BAPTIST CHRISTIAN SCHOOL;143 CHURCH HILL RD;;WEBSTERVILLE;VT;05678;;;1;1;128;WASHINGTON;50023;US;611110;Elementary and Secondary Schools;http://nces.ed.gov/GLOBALLOCATOR/sch_info_popup.asp?Type=Private&ID=02063331;2012-03-06T19:00:00-05:00;Imagery;2012-06-17T20:00:00-04:00;;Combined elementary and secondary;118;PK;12;;10;
43.636786,-72.790638;"{""type"": ""Point"", ""coordinates"": [-72.790638, 43.636786]}";21503;01422611;KILLINGTON MOUNTAIN SCHOOL;2708 KILLINGTON RD;;KILLINGTON;VT;05751;9735;;3;1;15;RUTLAND;50021;US;611110;Elementary and Secondary Schools;http://nces.ed.gov/GLOBALLOCATOR/sch_info_popup.asp?Type=Private&ID=01422611;2012-03-06T19:00:00-05:00;Imagery;2012-06-17T20:00:00-04:00;;Secondary;10;08;12;;5;
42.916618,-73.204974;"{""type"": ""Point"", ""coordinates"": [-73.20497399999999, 42.916618]}";22552;A0903662;FORREST WARD MEMORIAL SCHOOL;404 HOUGHTON LN;;BENNINGTON;VT;05201;;;1;1;7;BENNINGTON;50003;US;611110;Elementary and Secondary Schools;http://nces.ed.gov/GLOBALLOCATOR/sch_info_popup.asp?Type=Private&ID=A0903662;2012-03-06T19:00:00-05:00;Imagery;2012-06-17T20:00:00-04:00;;Elementary;6;KG;07;;1;
44.748881983,-72.179910467;"{""type"": ""Point"", ""coordinates"": [-72.17991046699994, 44.74888198300003]}";19503;01422065;ST PAULS SCHOOL;54 EASTERN AVE;;BARTON;VT;05822;9645;;1;1;88;ORLEANS;50019;US;611110;Elementary and Secondary Schools;http://nces.ed.gov/GLOBALLOCATOR/sch_info_popup.asp?Type=Private&ID=01422065;2009-10-12T20:00:00-04:00;Imagery/Other;2009-12-30T19:00:00-05:00;;Elementary;82;PK;08;;6;
44.811797036,-73.139112172;"{""type"": ""Point"", ""coordinates"": [-73.13911217199993, 44.811797036]}";19457;A0503526;SOAR LEARNING CENTER;178 MCGINN DR;;SAINT ALBANS BAY;VT;05481;;;4;1;74;FRANKLIN;50011;US;611110;Elementary and Secondary Schools;http://nces.ed.gov/GLOBALLOCATOR/sch_info_popup.asp?Type=Private&ID=A0503526;2010-01-28T19:00:00-05:00;Imagery;2010-08-23T20:00:00-04:00;;Combined elementary and secondary;55;KG;12;;19;
44.185555018,-72.850482046;"{""type"": ""Point"", ""coordinates"": [-72.85048204599994, 44.18555501800004]}";19528;01635969;GREEN MOUNTAIN VALLEY SCHOOL;271 MOULTON RD;;WAITSFIELD;VT;05673;7070;;3;1;128;WASHINGTON;50023;US;611110;Elementary and Secondary Schools;http://nces.ed.gov/GLOBALLOCATOR/sch_info_popup.asp?Type=Private&ID=01635969;2010-01-28T19:00:00-05:00;Imagery;2010-08-23T20:00:00-04:00;;Secondary;94;08;12;;34;
44.414630308,-73.178823227;"{""type"": ""Point"", ""coordinates"": [-73.17882322699994, 44.414630308000014]}";19337;02063138;THE SCHOOLHOUSE;8 CATKIN DR;;SOUTH BURLINGTON;VT;05403;3001;;6;1;31;CHITTENDEN;50007;US;611110;Elementary and Secondary Schools;http://nces.ed.gov/GLOBALLOCATOR/sch_info_popup.asp?Type=Private&ID=02063138;2010-01-28T19:00:00-05:00;Imagery;2010-08-23T20:00:00-04:00;;Elementary;28;KG;04;;3;
44.255802336,-72.56858659;"{""type"": ""Point"", ""coordinates"": [-72.56858658999992, 44.25580233600004]}";19535;A0503523;THE NEW SCHOOL OF MONTPELIER;11 WEST ST;;MONTPELIER;VT;05602;3144;;4;1;24;WASHINGTON;50023;US;611110;Elementary and Secondary Schools;http://nces.ed.gov/GLOBALLOCATOR/sch_info_popup.asp?Type=Private&ID=A0503523;2010-01-28T19:00:00-05:00;Imagery;2010-08-23T20:00:00-04:00;;Combined elementary and secondary;18;01;12;;6;
42.856526859,-72.558243151;"{""type"": ""Point"", ""coordinates"": [-72.55824315099993, 42.85652685900002]}";19547;01422043;ST MICHAEL CATHOLIC SCHOOL;48 WALNUT ST;;BRATTLEBORO;VT;05301;2992;;1;1;84;WINDHAM;50025;US;611110;Elementary and Secondary Schools;http://nces.ed.gov/GLOBALLOCATOR/sch_info_popup.asp?Type=Private&ID=01422043;2010-01-28T19:00:00-05:00;Imagery;2010-08-23T20:00:00-04:00;;Elementary;74;PK;08;;10;
44.266266,-72.486911;"{""type"": ""Point"", ""coordinates"": [-72.486911, 44.266266]}";19532;A0109627;ORCHARD VALLEY WALDORF SCHOOL;2290 VT ROUTE 14 N;;EAST MONTPELIER;VT;05651;4027;;3;1;144;WASHINGTON;50023;US;611110;Elementary and Secondary Schools;http://nces.ed.gov/GLOBALLOCATOR/sch_info_popup.asp?Type=Private&ID=A0109627;2010-01-28T19:00:00-05:00;Geocode;2010-08-23T20:00:00-04:00;;Elementary;131;PK;08;;13;
44.451636512,-73.202616511;"{""type"": ""Point"", ""coordinates"": [-73.20261651099996, 44.45163651200005]}";26787;A1102261;KIDS & FITNESS;80 EASTWOOD DR;;SOUTH BURLINGTON;VT;05403;;;7;1;16;CHITTENDEN;50007;US;611110;Elementary and Secondary Schools;http://nces.ed.gov/GLOBALLOCATOR/sch_info_popup.asp?Type=Private&ID=A1102261;2014-10-22T20:00:00-04:00;Imagery/Other;2014-12-14T19:00:00-05:00;;Elementary;13;PK;TK;;3;
44.066391026,-73.3819529;"{""type"": ""Point"", ""coordinates"": [-73.38195289999997, 44.06639102600005]}";18770;A0109582;CHAMPLAIN VALLEY CHRISTIAN SCHOOL;2 CHURCH ST;;VERGENNES;VT;05491;9601;;1;1;40;ADDISON;50001;US;611110;Elementary and Secondary Schools;http://nces.ed.gov/GLOBALLOCATOR/sch_info_popup.asp?Type=Private&ID=A0109582;2010-01-28T19:00:00-05:00;Imagery;2010-08-23T20:00:00-04:00;;Elementary;34;KG;08;;6;
43.662068431,-72.342943929;"{""type"": ""Point"", ""coordinates"": [-72.34294392899993, 43.662068431000066]}";19595;A9703434;POTTER S HOUSE SCHOOL;1615 MAPLE ST;;HARTFORD;VT;05047;;;1;1;10;WINDSOR;50027;US;611110;Elementary and Secondary Schools;http://nces.ed.gov/GLOBALLOCATOR/sch_info_popup.asp?Type=Private&ID=A9703434;2010-01-28T19:00:00-05:00;Imagery;2010-06-09T20:00:00-04:00;;Combined elementary and secondary;8;PK;08;;2;
42.99343584,-72.649529607;"{""type"": ""Point"", ""coordinates"": [-72.64952960699995, 42.99343584000007]}";23011;A0903663;KINDLE FARMS CHILDRENS SERVICES;708 VT ROUTE 30;;NEWFANE;VT;05345;9651;;4;1;37;WINDHAM;50025;US;611110;Elementary and Secondary Schools;http://nces.ed.gov/GLOBALLOCATOR/sch_info_popup.asp?Type=Private&ID=A0903663;2012-03-06T19:00:00-05:00;Imagery;2012-06-17T20:00:00-04:00;;Combined elementary and secondary;31;04;12;;6;
42.946104046,-73.177675842;"{""type"": ""Point"", ""coordinates"": [-73.17767584199997, 42.94610404600005]}";18799;A0702333;GREEN MT MENNONITE SCHOOL;2892 CHAPEL RD;;BENNINGTON;VT;05201;;;1;1;20;BENNINGTON;50003;US;611110;Elementary and Secondary Schools;http://nces.ed.gov/GLOBALLOCATOR/sch_info_popup.asp?Type=Private&ID=A0702333;2010-01-28T19:00:00-05:00;Geocode;2010-05-16T20:00:00-04:00;;Combined elementary and secondary;17;01;08;;3;
43.603775,-72.971361;"{""type"": ""Point"", ""coordinates"": [-72.971361, 43.603775]}";19506;01421935;CHRIST THE KING SCHOOL;60 S MAIN ST;;RUTLAND;VT;05701;;;1;1;153;RUTLAND;50021;US;611110;Elementary and Secondary Schools;http://nces.ed.gov/GLOBALLOCATOR/sch_info_popup.asp?Type=Private&ID=01421935;2009-10-12T20:00:00-04:00;Imagery/Other;2009-12-30T19:00:00-05:00;;Elementary;140;PK;08;;13;
44.502155715,-73.041586455;"{""type"": ""Point"", ""coordinates"": [-73.04158645499994, 44.502155715000065]}";19376;A0702326;BELLCATE SCHOOL;1 CORPORATE DR;;ESSEX JUNCTION;VT;05452;4434;;6;1;40;CHITTENDEN;50007;US;611110;Elementary and Secondary Schools;http://nces.ed.gov/GLOBALLOCATOR/sch_info_popup.asp?Type=Private&ID=A0702326;2010-01-28T19:00:00-05:00;Imagery;2010-08-23T20:00:00-04:00;;Secondary;23;07;12;;17;
44.431158516,-73.206804617;"{""type"": ""Point"", ""coordinates"": [-73.20680461699996, 44.431158516000025]}";19393;A9904364;VERMONT COMMONS SCHOOL;75 GREEN MOUNTAIN DR;;SOUTH BURLINGTON;VT;05403;;;1;1;106;CHITTENDEN;50007;US;611110;Elementary and Secondary Schools;http://nces.ed.gov/GLOBALLOCATOR/sch_info_popup.asp?Type=Private&ID=A9904364;2010-01-28T19:00:00-05:00;Imagery;2010-08-23T20:00:00-04:00;;Secondary;91;07;12;;15;
44.494007303,-73.236709674;"{""type"": ""Point"", ""coordinates"": [-73.23670967399993, 44.49400730300004]}";19403;01422112;ROCK POINT SCHOOL;1 ROCK POINT RD;;BURLINGTON;VT;05408;2736;;6;1;33;CHITTENDEN;50007;US;611110;Elementary and Secondary Schools;http://nces.ed.gov/GLOBALLOCATOR/sch_info_popup.asp?Type=Private&ID=01422112;2009-10-12T20:00:00-04:00;Imagery/Other;2009-12-30T19:00:00-05:00;;Secondary;27;08;12;;6;
43.99823284,-72.44940591;"{""type"": ""Point"", ""coordinates"": [-72.44940590999991, 43.998232840000064]}";19481;A9304129;BROOKHAVEN TREATMENT & LEARNING CENTER;331 VT RTE 110;;CHELSEA;VT;05038;;;4;1;24;ORANGE;50017;US;611110;Elementary and Secondary Schools;http://nces.ed.gov/GLOBALLOCATOR/sch_info_popup.asp?Type=Private&ID=A9304129;2010-01-28T19:00:00-05:00;UnVerified;2010-08-23T20:00:00-04:00;;Elementary;21;02;08;;3;
42.93206352,-73.21057726;"{""type"": ""Point"", ""coordinates"": [-73.21057725999997, 42.93206352000002]}";18810;A9304188;HILAND HALL SCHOOL;2196 HARWOOD HILL RD;;BENNINGTON;VT;05201;8136;;6;1;38;BENNINGTON;50003;US;611110;Elementary and Secondary Schools;http://nces.ed.gov/GLOBALLOCATOR/sch_info_popup.asp?Type=Private&ID=A9304188;2010-01-28T19:00:00-05:00;Imagery;2010-05-16T20:00:00-04:00;;Combined elementary and secondary;35;UG;UG;;3;
44.199629764,-72.501083748;"{""type"": ""Point"", ""coordinates"": [-72.50108374799997, 44.19962976400005]}";19541;A0702330;CHOICE SCHOOL/CHANGING OUR IDEA CONCERNING ED;23 SUMMER ST;;BARRE;VT;05641;3741;;6;1;30;WASHINGTON;50023;US;611110;Elementary and Secondary Schools;http://nces.ed.gov/GLOBALLOCATOR/sch_info_popup.asp?Type=Private&ID=A0702330;2010-01-28T19:00:00-05:00;Geocode;2010-08-23T20:00:00-04:00;;Secondary;21;07;12;;9;
44.536296,-72.004257;"{""type"": ""Point"", ""coordinates"": [-72.004257, 44.536296]}";18835;A0503524;LYNDON EDUCATIONAL ALTERNATIVE RESOURCES NETWORK;154 MAIN ST;;LYNDONVILLE;VT;05851;;;1;1;22;CALEDONIA;50005;US;611110;Elementary and Secondary Schools;http://nces.ed.gov/GLOBALLOCATOR/sch_info_popup.asp?Type=Private&ID=A0503524;2010-01-28T19:00:00-05:00;Geocode;2010-08-23T20:00:00-04:00;;Secondary;19;07;12;;3;
44.588645,-71.942377;"{""type"": ""Point"", ""coordinates"": [-71.942377, 44.588645]}";18839;A0503522;EAST BURKE SCHOOL;611 ROUTE 114;;EAST BURKE;VT;05832;;;6;1;15;CALEDONIA;50005;US;611110;Elementary and Secondary Schools;http://nces.ed.gov/GLOBALLOCATOR/sch_info_popup.asp?Type=Private&ID=A0503522;2010-01-28T19:00:00-05:00;Geocode;2010-08-23T20:00:00-04:00;;Secondary;13;08;12;;2;
43.68556049,-73.343768762;"{""type"": ""Point"", ""coordinates"": [-73.34376876199995, 43.68556049000004]}";19513;A9106757;CAMP E-WEN-AKEE;876 ROOT POND RD;;BENSON;VT;05743;9596;;6;1;13;RUTLAND;50021;US;611110;Elementary and Secondary Schools;http://nces.ed.gov/GLOBALLOCATOR/sch_info_popup.asp?Type=Private&ID=A9106757;2010-01-28T19:00:00-05:00;Imagery/Other;2010-08-23T20:00:00-04:00;;Secondary;11;07;11;;2;
43.169051501,-73.055925965;"{""type"": ""Point"", ""coordinates"": [-73.05592596499996, 43.16905150100006]}";18802;A9904342;MAPLE STREET SCHOOL;322 MAPLE ST;;MANCHESTER CENTER;VT;05255;4409;;1;1;110;BENNINGTON;50003;US;611110;Elementary and Secondary Schools;http://nces.ed.gov/GLOBALLOCATOR/sch_info_popup.asp?Type=Private&ID=A9904342;2010-01-28T19:00:00-05:00;Imagery;2010-05-16T20:00:00-04:00;;Elementary;97;KG;08;;13;
42.848359741,-72.586231918;"{""type"": ""Point"", ""coordinates"": [-72.58623191799994, 42.84835974100006]}";19586;AA000731;HILLTOP MONTESSORI SCHOOL;120 SUMMIT CIR;;BRATTLEBORO;VT;05301;;;2;1;108;WINDHAM;50025;US;611110;Elementary and Secondary Schools;http://nces.ed.gov/GLOBALLOCATOR/sch_info_popup.asp?Type=Private&ID=AA000731;2009-10-12T20:00:00-04:00;Imagery/Other;2009-12-30T19:00:00-05:00;;Elementary;94;PK;08;;14;
44.447768156,-73.12810916;"{""type"": ""Point"", ""coordinates"": [-73.12810915999994, 44.447768156000045]}";19452;A9703418;THE BELLWETHER SCHOOL;1186 BROWNELL RD;;WILLISTON;VT;05495;;;6;1;41;CHITTENDEN;50007;US;611110;Elementary and Secondary Schools;http://nces.ed.gov/GLOBALLOCATOR/sch_info_popup.asp?Type=Private&ID=A9703418;2009-10-12T20:00:00-04:00;Imagery/Other;2009-12-30T19:00:00-05:00;;Elementary;33;PK;06;;8;
44.483133504,-73.19825373;"{""type"": ""Point"", ""coordinates"": [-73.19825372999996, 44.483133504000065]}";19439;01422021;MATER CHRISTI SCHOOL;50 MANSFIELD AVE;;BURLINGTON;VT;05401;;;1;1;234;CHITTENDEN;50007;US;611110;Elementary and Secondary Schools;http://nces.ed.gov/GLOBALLOCATOR/sch_info_popup.asp?Type=Private&ID=01422021;2009-10-12T20:00:00-04:00;Imagery/Other;2009-12-30T19:00:00-05:00;;Elementary;218;PK;08;;16;
44.464168856,-73.154711935;"{""type"": ""Point"", ""coordinates"": [-73.15471193499995, 44.46416885600006]}";19386;A0702327;CENTERPOINT SCHOOL;1025 AIRPORT DR;;SOUTH BURLINGTON;VT;05403;6013;;4;1;75;CHITTENDEN;50007;US;611110;Elementary and Secondary Schools;http://nces.ed.gov/GLOBALLOCATOR/sch_info_popup.asp?Type=Private&ID=A0702327;2010-01-28T19:00:00-05:00;Imagery;2010-08-23T20:00:00-04:00;;Secondary;38;07;12;;37;
43.163481027,-73.077506511;"{""type"": ""Point"", ""coordinates"": [-73.07750651099995, 43.16348102700003]}";18824;01422203;BURR & BURTON ACADEMY;57 SEMINARY AVE;;MANCHESTER;VT;05254;;;1;1;725;BENNINGTON;50003;US;611110;Elementary and Secondary Schools;http://nces.ed.gov/GLOBALLOCATOR/sch_info_popup.asp?Type=Private&ID=01422203;2009-10-12T20:00:00-04:00;Imagery/Other;2009-12-30T19:00:00-05:00;;Secondary;672;08;12;;53;
